day,direction,calls_count,rows
2019-08-01,in,2,2
2019-08-01,out,19,6
2019-08-02,in,3,3
2019-08-02,out,26,5
2019-08-03,in,2,1
2019-08-03,out,4,3
2019-08-04,in,12,5
2019-08-04,out,180,11
2019-08-05,in,52,8
2019-08-05,out,177,13
2019-08-06,in,12,8
2019-08-06,out,169,11
2019-08-07,in,13,11
2019-08-07,out,341,16
2019-08-08,in,45,15
2019-08-08,out,343,20
2019-08-09,in,9,4
2019-08-09,out,3,3
2019-08-10,in,2,2
2019-08-11,in,117,19
2019-08-11,out,1072,23
2019-08-12,in,132,21
2019-08-12,out,1307,27
2019-08-13,in,102,25
2019-08-13,out,1107,27
2019-08-14,in,59,15
2019-08-14,out,1301,28
2019-08-15,in,90,22
2019-08-15,out,1289,27
2019-08-16,in,79,16
2019-08-16,out,921,18
2019-08-17,in,56,9
2019-08-17,out,381,11
2019-08-18,in,251,32
2019-08-18,out,2097,42
2019-08-19,in,238,43
2019-08-19,out,1749,56
2019-08-20,in,252,44
2019-08-20,out,2039,59
2019-08-21,in,248,40
2019-08-21,out,1801,60
2019-08-22,in,213,45
2019-08-22,out,2082,67
2019-08-23,in,123,22
2019-08-23,out,552,13
2019-08-24,in,69,17
2019-08-24,out,353,12
2019-08-25,in,306,50
2019-08-25,out,2325,89
2019-08-26,in,336,65
2019-08-26,out,2099,84
2019-08-27,in,428,66
2019-08-27,out,2727,90
2019-08-28,in,347,64
2019-08-28,out,2547,105
2019-08-29,in,518,77
2019-08-29,out,2977,120
2019-08-30,in,295,29
2019-08-30,out,992,34
2019-08-31,in,126,28
2019-08-31,out,461,28
2019-09-01,in,591,89
2019-09-01,out,3600,119
2019-09-02,in,627,107
2019-09-02,out,4479,147
2019-09-03,in,545,106
2019-09-03,out,3751,148
2019-09-04,in,600,109
2019-09-04,out,3544,149
2019-09-05,in,592,98
2019-09-05,out,3411,157
2019-09-06,in,199,51
2019-09-06,out,726,36
2019-09-07,in,161,36
2019-09-07,out,925,30
2019-09-08,in,610,107
2019-09-08,out,4033,172
2019-09-09,in,761,142
2019-09-09,out,4799,208
2019-09-10,in,592,123
2019-09-10,out,4450,218
2019-09-11,in,656,139
2019-09-11,out,3940,202
2019-09-12,in,669,131
2019-09-12,out,4446,194
2019-09-13,in,317,55
2019-09-13,out,1438,39
2019-09-14,in,208,44
2019-09-14,out,1142,38
2019-09-15,in,801,144
2019-09-15,out,4295,206
2019-09-16,in,875,139
2019-09-16,out,5297,217
2019-09-17,in,832,156
2019-09-17,out,4961,220
2019-09-18,in,795,140
2019-09-18,out,4491,224
2019-09-19,in,849,142
2019-09-19,out,4569,214
2019-09-20,in,388,78
2019-09-20,out,1022,50
2019-09-21,in,316,57
2019-09-21,out,701,34
2019-09-22,in,1013,158
2019-09-22,out,5779,246
2019-09-23,in,1109,170
2019-09-23,out,5682,250
2019-09-24,in,1487,185
2019-09-24,out,8562,282
2019-09-25,in,1862,182
2019-09-25,out,8598,303
2019-09-26,in,1796,182
2019-09-26,out,7979,324
2019-09-27,in,1132,79
2019-09-27,out,4405,105
2019-09-28,in,687,70
2019-09-28,out,3452,80
2019-09-29,in,2455,195
2019-09-29,out,8001,319
2019-09-30,in,2844,208
2019-09-30,out,10310,304
2019-10-01,in,2557,208
2019-10-01,out,9359,315
2019-10-02,in,3049,195
2019-10-02,out,10292,332
2019-10-03,in,3181,203
2019-10-03,out,9464,335
2019-10-04,in,1788,95
2019-10-04,out,4164,139
2019-10-05,in,1132,64
2019-10-05,out,3406,90
2019-10-06,in,4146,217
2019-10-06,out,9886,327
2019-10-07,in,3797,226
2019-10-07,out,11138,345
2019-10-08,in,3131,226
2019-10-08,out,10948,373
2019-10-09,in,2864,241
2019-10-09,out,12121,385
2019-10-10,in,3558,243
2019-10-10,out,11825,393
2019-10-11,in,2017,124
2019-10-11,out,4422,137
2019-10-12,in,1068,78
2019-10-12,out,3178,86
2019-10-13,in,3231,245
2019-10-13,out,9546,380
2019-10-14,in,3648,253
2019-10-14,out,9425,390
2019-10-15,in,2692,271
2019-10-15,out,8311,373
2019-10-16,in,2790,269
2019-10-16,out,9024,424
2019-10-17,in,3103,305
2019-10-17,out,8620,438
2019-10-18,in,1080,121
2019-10-18,out,2419,111
2019-10-19,in,534,107
2019-10-19,out,996,74
2019-10-20,in,2119,308
2019-10-20,out,9770,451
2019-10-21,in,2276,326
2019-10-21,out,9483,432
2019-10-22,in,2223,314
2019-10-22,out,7690,433
2019-10-23,in,2463,319
2019-10-23,out,6263,450
2019-10-24,in,2626,342
2019-10-24,out,8303,456
2019-10-25,in,1263,129
2019-10-25,out,3417,132
2019-10-26,in,865,118
2019-10-26,out,2750,115
2019-10-27,in,3258,363
2019-10-27,out,7238,460
2019-10-28,in,3321,344
2019-10-28,out,8221,460
2019-10-29,in,2749,320
2019-10-29,out,6673,452
2019-10-30,in,3012,335
2019-10-30,out,9252,484
2019-10-31,in,2765,334
2019-10-31,out,8043,511
2019-11-01,in,1374,141
2019-11-01,out,2702,132
2019-11-02,in,895,127
2019-11-02,out,1735,83
2019-11-03,in,1187,140
2019-11-03,out,2954,141
2019-11-04,in,4208,370
2019-11-04,out,10122,565
2019-11-05,in,4079,342
2019-11-05,out,9282,562
2019-11-06,in,4309,369
2019-11-06,out,10437,561
2019-11-07,in,3434,357
2019-11-07,out,9129,546
2019-11-08,in,1728,181
2019-11-08,out,3222,158
2019-11-09,in,1053,140
2019-11-09,out,3036,113
2019-11-10,in,3885,358
2019-11-10,out,14337,595
2019-11-11,in,3596,375
2019-11-11,out,9487,636
2019-11-12,in,3502,365
2019-11-12,out,8797,599
2019-11-13,in,3834,371
2019-11-13,out,8348,570
2019-11-14,in,3269,358
2019-11-14,out,8222,574
2019-11-15,in,1922,172
2019-11-15,out,2834,151
2019-11-16,in,1381,175
2019-11-16,out,2081,103
2019-11-17,in,4014,386
2019-11-17,out,9307,637
2019-11-18,in,4052,401
2019-11-18,out,9474,654
2019-11-19,in,4047,406
2019-11-19,out,10372,641
2019-11-20,in,3894,413
2019-11-20,out,11127,673
2019-11-21,in,4043,405
2019-11-21,out,11075,661
2019-11-22,in,2086,205
2019-11-22,out,4281,193
2019-11-23,in,1323,153
2019-11-23,out,2776,126
2019-11-24,in,6646,419
2019-11-24,out,10856,690
2019-11-25,in,6012,391
2019-11-25,out,10530,651
2019-11-26,in,4380,402
2019-11-26,out,10410,679
2019-11-27,in,4480,408
2019-11-27,out,10055,679
