operator_id,user_id,tariff_plan,incoming_calls,missed_incoming_calls,missed_incoming_rate,avg_wait_seconds,outgoing_calls,total_calls,high_missed,high_wait,low_outgoing,inefficiency_criteria,ineffective
879896,166406,B,58,0,0.0,9.89655172413793,872,930,False,False,False,0,False
879898,166406,B,104,0,0.0,16.153846153846153,7209,7313,False,False,False,0,False
880020,166377,B,7,0,0.0,7.714285714285714,38,45,False,False,False,0,False
880022,166377,B,8,0,0.0,14.0,189,197,False,False,False,0,False
880026,166377,B,24,0,0.0,5.958333333333333,2208,2232,False,False,False,0,False
880028,166377,B,63,0,0.0,5.444444444444445,2497,2560,False,False,False,0,False
880240,166406,B,0,0,,,47,47,False,False,False,0,False
881278,166377,B,0,0,,,20,20,False,False,False,0,False
882476,166391,C,3,0,0.0,31.666666666666668,0,3,False,True,True,2,True
882478,166391,C,3,0,0.0,25.333333333333332,1,4,False,True,True,2,True
882680,166428,B,99,3,0.030303030303030304,16.07070707070707,0,99,True,False,True,2,True
882684,166405,B,613,4,0.0065252854812398045,15.539967373572594,661,1274,True,False,False,1,False
882686,166405,B,766,6,0.007832898172323759,14.714099216710183,2884,3650,True,False,False,1,False
882688,166405,B,15,0,0.0,44.86666666666667,43,58,False,True,False,1,False
882690,166405,B,171,2,0.011695906432748537,41.53216374269006,1417,1588,True,True,False,2,True
883018,166507,C,0,0,,,2,2,False,False,True,1,False
883898,166507,C,0,0,,,1,1,False,False,True,1,False
883940,166495,B,6,0,0.0,12.666666666666666,632,638,False,False,False,0,False
883942,166495,B,77,0,0.0,7.0519480519480515,2030,2107,False,False,False,0,False
884294,166481,A,1,0,0.0,6.0,0,1,False,False,True,1,False
884402,166503,B,0,0,,,4,4,False,False,True,1,False
884406,166503,B,0,0,,,3,3,False,False,True,1,False
884408,166503,B,35,4,0.11428571428571428,26.4,25,60,True,True,False,2,True
884412,166503,B,18,0,0.0,41.666666666666664,748,766,False,True,False,1,False
884478,166533,B,22,0,0.0,14.681818181818182,2270,2292,False,False,False,0,False
884524,166536,B,2,0,0.0,9.5,0,2,False,False,True,1,False
884946,166520,C,12,0,0.0,13.25,1847,1859,False,False,False,0,False
885682,166520,C,0,0,,,3,3,False,False,True,1,False
885876,166582,A,992,20,0.020161290322580645,9.089717741935484,58437,59429,True,False,False,1,False
885890,166582,A,1244,26,0.02090032154340836,9.088424437299036,58977,60221,True,False,False,1,False
886146,166609,A,1,0,0.0,9.0,49,50,False,False,False,0,False
886674,166399,C,11,0,0.0,15.272727272727273,0,11,False,False,True,1,False
886892,166392,C,2,0,0.0,29.0,0,2,False,True,True,2,True
887276,166485,B,431,3,0.0069605568445475635,28.211136890951277,896,1327,True,True,False,2,True
887278,166485,B,52,0,0.0,17.28846153846154,256,308,False,False,False,0,False
887280,166485,B,0,0,,,8,8,False,False,True,1,False
887282,166485,B,28,0,0.0,44.607142857142854,2327,2355,False,True,False,1,False
887416,166649,C,18,0,0.0,16.72222222222222,0,18,False,False,True,1,False
887802,166660,B,16,0,0.0,13.0625,121,137,False,False,False,0,False
887992,166609,A,0,0,,,47,47,False,False,False,0,False
888406,166669,C,9,1,0.1111111111111111,28.333333333333332,6,15,True,True,True,3,True
888520,166671,C,6,0,0.0,15.666666666666666,0,6,False,False,True,1,False
888532,166407,A,12,2,0.16666666666666666,24.083333333333332,188,200,True,True,False,2,True
888534,166407,A,61,2,0.03278688524590164,28.78688524590164,315,376,True,True,False,2,True
888536,166407,A,2,0,0.0,21.5,52,54,False,False,False,0,False
888538,166407,A,1,0,0.0,24.0,5,6,False,True,True,2,True
888540,166407,A,3,0,0.0,19.666666666666668,14,17,False,False,False,0,False
888868,166678,B,20,1,0.05,20.15,52,72,True,False,False,1,False
889410,166691,C,439,0,0.0,6.325740318906606,1015,1454,False,False,False,0,False
889638,166585,C,4,0,0.0,14.5,0,4,False,False,True,1,False
889640,166666,C,2,0,0.0,13.5,0,2,False,False,True,1,False
889754,166725,A,480,2,0.004166666666666667,7.93125,1207,1687,True,False,False,1,False
890226,166688,C,3,0,0.0,27.333333333333332,3,6,False,True,True,2,True
890228,166688,C,6,1,0.16666666666666666,17.333333333333332,86,92,True,False,False,1,False
890232,166520,C,0,0,,,33,33,False,False,False,0,False
890234,166520,C,0,0,,,1,1,False,False,True,1,False
890402,166658,B,539,0,0.0,10.313543599257885,1243,1782,False,False,False,0,False
890404,166658,B,516,2,0.003875968992248062,10.777131782945736,1349,1865,True,False,False,1,False
890406,166658,B,425,4,0.009411764705882352,9.461176470588235,1197,1622,True,False,False,1,False
890410,166658,B,16,0,0.0,6.75,1216,1232,False,False,False,0,False
890412,166658,B,23,0,0.0,16.043478260869566,1112,1135,False,False,False,0,False
890416,166658,B,0,0,,,1271,1271,False,False,False,0,False
890420,166658,B,0,0,,,695,695,False,False,False,0,False
890422,166658,B,0,0,,,402,402,False,False,False,0,False
890582,166636,C,104,1,0.009615384615384616,12.557692307692308,58,162,True,False,False,1,False
890618,166677,C,73,1,0.0136986301369863,1.1506849315068493,270,343,True,False,False,1,False
891152,166658,B,0,0,,,273,273,False,False,False,0,False
891154,166658,B,0,0,,,528,528,False,False,False,0,False
891156,166658,B,0,0,,,18,18,False,False,False,0,False
891158,166658,B,0,0,,,264,264,False,False,False,0,False
891160,166658,B,0,0,,,370,370,False,False,False,0,False
891162,166658,B,0,0,,,104,104,False,False,False,0,False
891166,166658,B,0,0,,,231,231,False,False,False,0,False
891170,166658,B,0,0,,,193,193,False,False,False,0,False
891192,166520,C,0,0,,,1,1,False,False,True,1,False
891250,166711,B,0,0,,,2,2,False,False,True,1,False
891252,166711,B,0,0,,,86,86,False,False,False,0,False
891254,166711,B,1,0,0.0,26.0,0,1,False,True,True,2,True
891410,166511,C,660,2,0.0030303030303030303,13.201515151515151,2737,3397,True,False,False,1,False
891414,166511,C,503,1,0.0019880715705765406,11.77534791252485,2498,3001,True,False,False,1,False
891416,166511,C,142,0,0.0,14.654929577464788,758,900,False,False,False,0,False
891646,166697,B,8,0,0.0,20.5,0,8,False,False,True,1,False
891744,166680,B,5,0,0.0,21.4,6,11,False,False,True,1,False
891746,166680,B,0,0,,,33,33,False,False,False,0,False
891824,166774,B,12,0,0.0,16.25,32,44,False,False,False,0,False
891900,166392,C,33,0,0.0,37.57575757575758,0,33,False,True,True,2,True
891906,166392,C,67,0,0.0,26.597014925373134,0,67,False,True,True,2,True
891908,166713,A,39,0,0.0,10.153846153846153,9,48,False,False,True,1,False
891918,166713,A,5,0,0.0,31.2,1,6,False,True,True,2,True
891946,166803,C,16,0,0.0,19.75,32,48,False,False,False,0,False
891948,166803,C,1,0,0.0,3.0,0,1,False,False,True,1,False
891970,166711,B,0,0,,,15,15,False,False,False,0,False
891976,166774,B,0,0,,,2,2,False,False,True,1,False
891988,166717,C,414,0,0.0,9.33574879227053,474,888,False,False,False,0,False
892028,166520,C,0,0,,,1337,1337,False,False,False,0,False
892530,166800,B,9,0,0.0,33.55555555555556,9,18,False,True,True,2,True
892532,166800,B,65,0,0.0,28.661538461538463,90,155,False,True,False,1,False
892534,166800,B,28,0,0.0,33.607142857142854,11,39,False,True,True,2,True
892536,166800,B,16,0,0.0,36.375,13,29,False,True,False,1,False
892538,166800,B,10,0,0.0,30.0,116,126,False,True,False,1,False
892798,166609,A,1,0,0.0,43.0,36,37,False,True,False,1,False
892800,166609,A,0,0,,,8,8,False,False,True,1,False
893172,166803,C,38,0,0.0,23.55263157894737,3,41,False,True,True,2,True
893400,166604,C,2,0,0.0,19.5,3,5,False,False,True,1,False
893402,166604,C,338,3,0.008875739644970414,16.43491124260355,51,389,True,False,False,1,False
893420,166604,C,206,1,0.0048543689320388345,20.490291262135923,29,235,True,False,False,1,False
893674,166520,C,0,0,,,2468,2468,False,False,False,0,False
893700,166874,C,0,0,,,6,6,False,False,True,1,False
893804,166782,C,2433,10,0.004110152075626798,5.120427455815865,3413,5846,True,False,False,1,False
894120,166782,C,18,1,0.05555555555555555,23.77777777777778,0,18,True,True,True,3,True
894224,166732,B,11,1,0.09090909090909091,10.454545454545455,33,44,True,False,False,1,False
894226,166732,B,0,0,,,24,24,False,False,False,0,False
894230,166732,B,6,1,0.16666666666666666,15.833333333333334,15,21,True,False,False,1,False
894232,166732,B,4,1,0.25,10.75,16,20,True,False,False,1,False
894614,166839,B,8,1,0.125,14.375,0,8,True,False,True,2,True
894656,166899,B,20,0,0.0,24.15,3167,3187,False,True,False,1,False
894662,166899,B,1,0,0.0,9.0,37,38,False,False,False,0,False
894934,166774,B,0,0,,,19,19,False,False,False,0,False
895140,166843,A,4,0,0.0,38.0,0,4,False,True,True,2,True
895170,166727,C,11,0,0.0,14.636363636363637,0,11,False,False,True,1,False
895172,166843,A,8,0,0.0,11.5,82,90,False,False,False,0,False
895266,166774,B,2,0,0.0,10.0,1,3,False,False,True,1,False
895370,166609,A,0,0,,,10,10,False,False,True,1,False
895574,166896,A,96,3,0.03125,15.166666666666666,0,96,True,False,True,2,True
895576,166896,A,70,1,0.014285714285714285,17.242857142857144,0,70,True,False,True,2,True
895578,166896,A,57,0,0.0,14.807017543859649,0,57,False,False,True,1,False
895598,166874,C,3,0,0.0,6.0,2,5,False,False,True,1,False
895774,166884,B,13,0,0.0,10.923076923076923,105,118,False,False,False,0,False
895776,166884,B,12,1,0.08333333333333333,14.583333333333334,239,251,True,False,False,1,False
895782,166908,C,13,0,0.0,19.153846153846153,0,13,False,False,True,1,False
895786,166908,C,36,0,0.0,23.13888888888889,0,36,False,True,True,2,True
896008,166901,A,0,0,,,193,193,False,False,False,0,False
896010,166901,A,10,0,0.0,18.6,4,14,False,False,True,1,False
896012,166901,A,244,1,0.004098360655737705,6.028688524590164,0,244,True,False,True,2,True
896014,166901,A,14,0,0.0,13.5,8,22,False,False,True,1,False
896016,166901,A,71,0,0.0,7.76056338028169,254,325,False,False,False,0,False
896018,166901,A,8,0,0.0,27.125,9,17,False,True,True,2,True
896020,166901,A,16,0,0.0,0.9375,0,16,False,False,True,1,False
896382,166941,B,36,0,0.0,11.944444444444445,392,428,False,False,False,0,False
896384,166941,B,0,0,,,28,28,False,False,False,0,False
896386,166941,B,0,0,,,76,76,False,False,False,0,False
896390,166941,B,0,0,,,97,97,False,False,False,0,False
896428,166936,C,23,0,0.0,8.217391304347826,185,208,False,False,False,0,False
896430,166936,C,1,0,0.0,13.0,14,15,False,False,False,0,False
896536,166879,A,182,2,0.01098901098901099,20.785714285714285,0,182,True,False,True,2,True
896538,166879,A,14,1,0.07142857142857142,47.5,0,14,True,True,True,3,True
896708,166941,B,66,0,0.0,12.0,152,218,False,False,False,0,False
897030,166940,C,6,0,0.0,12.666666666666666,75,81,False,False,False,0,False
897872,166619,C,3,1,0.3333333333333333,21.666666666666668,49,52,True,False,False,1,False
897894,166520,C,0,0,,,19,19,False,False,False,0,False
898414,167009,B,24,1,0.041666666666666664,10.75,59,83,True,False,False,1,False
898422,166958,B,64,1,0.015625,7.296875,23,87,True,False,False,1,False
898434,167012,B,0,0,,,10,10,False,False,True,1,False
898558,166955,C,22,0,0.0,28.272727272727273,0,22,False,True,True,2,True
898560,166955,C,19,0,0.0,32.8421052631579,0,19,False,True,True,2,True
898676,166428,B,2,0,0.0,8.0,0,2,False,False,True,1,False
898892,166692,C,12,0,0.0,16.583333333333332,82,94,False,False,False,0,False
898902,167009,B,0,0,,,22,22,False,False,False,0,False
898906,167009,B,19,0,0.0,12.0,127,146,False,False,False,0,False
898920,167009,B,13,0,0.0,14.923076923076923,37,50,False,False,False,0,False
899076,167012,B,0,0,,,2,2,False,False,True,1,False
899082,166708,C,655,1,0.0015267175572519084,20.554198473282444,1511,2166,True,False,False,1,False
899250,166782,C,286,5,0.017482517482517484,16.003496503496503,1374,1660,True,False,False,1,False
899268,166975,B,31,2,0.06451612903225806,20.774193548387096,0,31,True,False,True,2,True
899788,167011,C,0,0,,,603,603,False,False,False,0,False
899790,167011,C,0,0,,,716,716,False,False,False,0,False
899892,166975,B,3,0,0.0,31.666666666666668,0,3,False,True,True,2,True
899898,166975,B,2,0,0.0,25.0,0,2,False,True,True,2,True
899900,166975,B,2,0,0.0,58.0,0,2,False,True,True,2,True
899906,166975,B,1,0,0.0,19.0,0,1,False,False,True,1,False
899912,166975,B,1,0,0.0,19.0,0,1,False,False,True,1,False
899932,167011,C,0,0,,,711,711,False,False,False,0,False
899964,167011,C,0,0,,,418,418,False,False,False,0,False
899968,167011,C,0,0,,,364,364,False,False,False,0,False
899972,167011,C,0,0,,,191,191,False,False,False,0,False
900180,166782,C,9,0,0.0,8.0,1682,1691,False,False,False,0,False
900192,166536,B,1,0,0.0,5.0,1,2,False,False,True,1,False
900194,166536,B,55,2,0.03636363636363636,21.436363636363637,43,98,True,False,False,1,False
900352,166974,C,183,3,0.01639344262295082,17.19672131147541,307,490,True,False,False,1,False
900354,166974,C,142,4,0.028169014084507043,17.04225352112676,477,619,True,False,False,1,False
900458,166940,C,1,0,0.0,9.0,28,29,False,False,False,0,False
900492,167002,B,17,1,0.058823529411764705,15.0,234,251,True,False,False,1,False
900592,167078,B,265,0,0.0,6.769811320754717,109,374,False,False,False,0,False
900594,166812,C,34,0,0.0,10.735294117647058,201,235,False,False,False,0,False
900614,166813,B,22,0,0.0,9.772727272727273,34,56,False,False,False,0,False
900742,166946,C,22,0,0.0,12.863636363636363,16,38,False,False,False,0,False
900746,166946,C,26,2,0.07692307692307693,23.5,49,75,True,True,False,2,True
900788,167082,B,124,1,0.008064516129032258,6.459677419354839,92,216,True,False,False,1,False
900790,167082,B,44,0,0.0,8.431818181818182,55,99,False,False,False,0,False
900792,167082,B,1,0,0.0,34.0,7,8,False,True,True,2,True
900826,167004,B,86,0,0.0,10.534883720930232,510,596,False,False,False,0,False
900892,166678,B,329,3,0.00911854103343465,6.787234042553192,933,1262,True,False,False,1,False
900894,166678,B,110,1,0.00909090909090909,11.972727272727273,218,328,True,False,False,1,False
901034,167061,B,13,0,0.0,12.23076923076923,12,25,False,False,False,0,False
901038,167061,B,5,0,0.0,22.8,33,38,False,True,False,1,False
901178,166993,C,288,0,0.0,8.899305555555555,25,313,False,False,False,0,False
901350,166836,C,92,0,0.0,25.467391304347824,0,92,False,True,True,2,True
901492,167003,C,30,0,0.0,24.166666666666668,3,33,False,True,True,2,True
901498,167003,C,5,0,0.0,53.0,0,5,False,True,True,2,True
901584,166973,C,104,0,0.0,5.855769230769231,172,276,False,False,False,0,False
901586,166973,C,41,0,0.0,7.658536585365853,94,135,False,False,False,0,False
901588,166973,C,27,0,0.0,6.148148148148148,55,82,False,False,False,0,False
901734,166691,C,28,0,0.0,14.035714285714286,0,28,False,False,True,1,False
901880,166983,C,1825,11,0.006027397260273973,5.242739726027398,2362,4187,True,False,False,1,False
901884,166983,C,566,1,0.0017667844522968198,13.56183745583039,2024,2590,True,False,False,1,False
901886,166983,C,143,0,0.0,18.958041958041957,1416,1559,False,False,False,0,False
901894,166983,C,30,0,0.0,24.733333333333334,0,30,False,True,True,2,True
901992,167124,B,11,0,0.0,8.272727272727273,671,682,False,False,False,0,False
901996,167124,B,3,0,0.0,14.333333333333334,26,29,False,False,False,0,False
902238,167113,C,1,0,0.0,8.0,1,2,False,False,True,1,False
902510,166405,B,122,2,0.01639344262295082,33.66393442622951,1842,1964,True,True,False,2,True
902532,166405,B,239,1,0.0041841004184100415,17.02928870292887,867,1106,True,False,False,1,False
902608,167130,B,13,0,0.0,10.538461538461538,219,232,False,False,False,0,False
902720,166839,B,99,0,0.0,15.787878787878787,2320,2419,False,False,False,0,False
902742,167125,C,0,0,,,1173,1173,False,False,False,0,False
902744,167125,C,0,0,,,3149,3149,False,False,False,0,False
902746,167125,C,0,0,,,2452,2452,False,False,False,0,False
902748,167125,C,0,0,,,2542,2542,False,False,False,0,False
902774,167125,C,0,0,,,1109,1109,False,False,False,0,False
902776,167125,C,0,0,,,1581,1581,False,False,False,0,False
902778,167125,C,0,0,,,1300,1300,False,False,False,0,False
902782,167125,C,0,0,,,1302,1302,False,False,False,0,False
902906,167102,C,48,0,0.0,17.25,0,48,False,False,True,1,False
902910,167102,C,28,1,0.03571428571428571,26.285714285714285,0,28,True,True,True,3,True
903254,166833,C,243,0,0.0,17.012345679012345,1465,1708,False,False,False,0,False
903292,167053,C,42,0,0.0,14.023809523809524,301,343,False,False,False,0,False
903312,166997,C,127,2,0.015748031496062992,17.551181102362204,53,180,True,False,False,1,False
903318,166997,C,281,3,0.010676156583629894,9.15658362989324,1178,1459,True,False,False,1,False
903390,166726,C,9,0,0.0,15.777777777777779,0,9,False,False,True,1,False
903512,166879,A,28,0,0.0,42.5,0,28,False,True,True,2,True
903974,167144,C,10,0,0.0,16.7,0,10,False,False,True,1,False
903976,167144,C,5,0,0.0,8.4,0,5,False,False,True,1,False
903978,167144,C,4,0,0.0,9.5,6,10,False,False,True,1,False
904014,167112,C,41,0,0.0,12.341463414634147,1249,1290,False,False,False,0,False
904016,167112,C,50,2,0.04,18.52,4681,4731,True,False,False,1,False
904038,167052,C,462,2,0.004329004329004329,8.88961038961039,215,677,True,False,False,1,False
904044,167052,C,108,1,0.009259259259259259,18.22222222222222,23,131,True,False,False,1,False
904058,167079,C,19,0,0.0,16.36842105263158,0,19,False,False,True,1,False
904200,167172,B,7,0,0.0,20.857142857142858,10,17,False,False,True,1,False
904202,167172,B,7,0,0.0,11.571428571428571,233,240,False,False,False,0,False
904204,167172,B,5,0,0.0,32.2,54,59,False,True,False,1,False
904284,166985,C,47,0,0.0,15.48936170212766,0,47,False,False,True,1,False
904344,167176,B,4,3,0.75,13.75,5,9,True,False,True,2,True
904372,167176,B,3,0,0.0,22.666666666666668,0,3,False,True,True,2,True
905082,167144,C,2,0,0.0,17.0,0,2,False,False,True,1,False
905104,167176,B,296,8,0.02702702702702703,17.26689189189189,187,483,True,False,False,1,False
905300,167162,C,25,6,0.24,22.08,0,25,True,True,True,3,True
905308,167176,B,0,0,,,3,3,False,False,True,1,False
905430,166997,C,96,1,0.010416666666666666,6.9375,751,847,True,False,False,1,False
905432,166997,C,12,0,0.0,5.333333333333333,726,738,False,False,False,0,False
905470,167176,B,0,0,,,3,3,False,False,True,1,False
905472,167176,B,1,0,0.0,21.0,9,10,False,False,True,1,False
905478,167176,B,1,0,0.0,36.0,0,1,False,True,True,2,True
905480,167176,B,0,0,,,1,1,False,False,True,1,False
905538,167150,C,244,2,0.00819672131147541,17.598360655737704,3169,3413,True,False,False,1,False
905542,167150,C,117,3,0.02564102564102564,18.418803418803417,1985,2102,True,False,False,1,False
905564,167150,C,57,1,0.017543859649122806,24.719298245614034,694,751,True,True,False,2,True
905566,167150,C,44,1,0.022727272727272728,16.25,861,905,True,False,False,1,False
905570,167150,C,0,0,,,96,96,False,False,False,0,False
905574,167150,C,4,0,0.0,10.5,428,432,False,False,False,0,False
905840,167175,B,0,0,,,7,7,False,False,True,1,False
905842,167175,B,2,0,0.0,115.5,1031,1033,False,True,False,1,False
905844,167175,B,13,0,0.0,12.538461538461538,1032,1045,False,False,False,0,False
905862,167200,C,102,15,0.14705882352941177,11.42156862745098,1,103,True,False,True,2,True
905870,167141,B,143,0,0.0,11.825174825174825,559,702,False,False,False,0,False
905930,167180,C,70,0,0.0,6.285714285714286,337,407,False,False,False,0,False
905932,167180,C,36,0,0.0,8.0,334,370,False,False,False,0,False
905934,167180,C,1,0,0.0,9.0,20,21,False,False,False,0,False
906070,167189,C,324,2,0.006172839506172839,41.19444444444444,71,395,True,True,False,2,True
906076,167189,C,24,0,0.0,50.958333333333336,1,25,False,True,True,2,True
906294,167109,C,308,1,0.003246753246753247,4.724025974025974,290,598,True,False,False,1,False
906296,167109,C,4,0,0.0,16.25,197,201,False,False,False,0,False
906392,166916,A,18,7,0.3888888888888889,13.833333333333334,53,71,True,False,False,1,False
906394,166916,A,30,0,0.0,28.6,520,550,False,True,False,1,False
906396,166916,A,124,3,0.024193548387096774,30.45967741935484,415,539,True,True,False,2,True
906398,166916,A,64,0,0.0,24.796875,40,104,False,True,False,1,False
906400,166916,A,130,3,0.023076923076923078,28.861538461538462,426,556,True,True,False,2,True
906402,166916,A,7,0,0.0,46.285714285714285,17,24,False,True,False,1,False
906404,166916,A,501,6,0.011976047904191617,27.063872255489024,613,1114,True,True,False,2,True
906406,166916,A,715,3,0.004195804195804196,26.773426573426573,1136,1851,True,True,False,2,True
906408,166916,A,241,4,0.016597510373443983,28.680497925311204,87,328,True,True,False,2,True
906410,166916,A,232,7,0.03017241379310345,26.012931034482758,19,251,True,True,False,2,True
906412,166916,A,26,7,0.2692307692307692,15.384615384615385,315,341,True,False,False,1,False
906416,166916,A,5,0,0.0,16.6,77,82,False,False,False,0,False
906418,166916,A,4,0,0.0,15.0,4,8,False,False,True,1,False
906420,166916,A,5,0,0.0,11.0,29,34,False,False,False,0,False
906680,166503,B,195,2,0.010256410256410256,37.06153846153846,160,355,True,True,False,2,True
906866,166485,B,0,0,,,655,655,False,False,False,0,False
907174,166485,B,9,0,0.0,61.888888888888886,2524,2533,False,True,False,1,False
907178,167109,C,3,0,0.0,24.0,174,177,False,True,False,1,False
907180,167109,C,0,0,,,74,74,False,False,False,0,False
907182,167109,C,65,0,0.0,10.984615384615385,230,295,False,False,False,0,False
907224,167109,C,48,0,0.0,23.958333333333332,299,347,False,True,False,1,False
907440,166407,A,6,0,0.0,23.833333333333332,167,173,False,True,False,1,False
907442,166407,A,0,0,,,89,89,False,False,False,0,False
907502,167158,A,242,2,0.008264462809917356,20.06198347107438,0,242,True,False,True,2,True
907504,167176,B,5,0,0.0,21.8,25,30,False,False,False,0,False
907618,167188,C,1,0,0.0,35.0,0,1,False,True,True,2,True
907952,167176,B,51,2,0.0392156862745098,20.529411764705884,179,230,True,False,False,1,False
907964,167176,B,17,0,0.0,16.11764705882353,60,77,False,False,False,0,False
907970,167176,B,16,0,0.0,17.6875,166,182,False,False,False,0,False
907972,167263,B,5,0,0.0,11.4,8,13,False,False,True,1,False
907974,167263,B,3,0,0.0,9.666666666666666,0,3,False,False,True,1,False
907982,167176,B,66,1,0.015151515151515152,21.636363636363637,87,153,True,False,False,1,False
907986,167176,B,1,0,0.0,20.0,447,448,False,False,False,0,False
907994,167176,B,39,0,0.0,18.512820512820515,104,143,False,False,False,0,False
907998,167110,B,0,0,,,2,2,False,False,True,1,False
908002,167110,B,6,0,0.0,16.5,16,22,False,False,False,0,False
908078,167246,C,42,0,0.0,16.523809523809526,56,98,False,False,False,0,False
908080,167246,C,5,0,0.0,14.0,1,6,False,False,True,1,False
908082,167246,C,27,0,0.0,10.333333333333334,20,47,False,False,False,0,False
908098,167188,C,6,0,0.0,26.333333333333332,0,6,False,True,True,2,True
908130,167188,C,3,0,0.0,28.333333333333332,0,3,False,True,True,2,True
908152,167188,C,13,0,0.0,40.15384615384615,0,13,False,True,True,2,True
908162,167188,C,3,0,0.0,53.0,0,3,False,True,True,2,True
908180,167188,C,1,0,0.0,15.0,0,1,False,False,True,1,False
908300,167188,C,3,0,0.0,56.333333333333336,0,3,False,True,True,2,True
908640,167285,A,0,0,,,14239,14239,False,False,False,0,False
908718,167288,B,0,0,,,3,3,False,False,True,1,False
908834,166541,A,23,0,0.0,33.95652173913044,1,24,False,True,True,2,True
908958,166541,A,952,3,0.0031512605042016808,27.376050420168067,107,1059,True,True,False,2,True
908960,166541,A,695,14,0.02014388489208633,23.401438848920865,113,808,True,True,False,2,True
908984,166680,B,0,0,,,8,8,False,False,True,1,False
909134,166983,C,197,1,0.005076142131979695,35.223350253807105,5,202,True,True,True,3,True
909308,167122,B,0,0,,,15,15,False,False,False,0,False
909392,167188,C,5,0,0.0,26.0,0,5,False,True,True,2,True
909452,166520,C,0,0,,,8,8,False,False,True,1,False
909502,166997,C,0,0,,,786,786,False,False,False,0,False
909624,166732,B,3,0,0.0,33.666666666666664,0,3,False,True,True,2,True
909768,167286,C,14,0,0.0,42.0,0,14,False,True,True,2,True
909892,167244,C,4,0,0.0,10.5,4,8,False,False,True,1,False
909894,167244,C,1,0,0.0,13.0,0,1,False,False,True,1,False
909896,167244,C,1,0,0.0,9.0,0,1,False,False,True,1,False
909910,167109,C,0,0,,,318,318,False,False,False,0,False
910018,167272,C,123,0,0.0,23.67479674796748,0,123,False,True,True,2,True
910038,166837,B,2,0,0.0,15.0,0,2,False,False,True,1,False
910044,166837,B,19,0,0.0,14.842105263157896,0,19,False,False,True,1,False
910224,167277,C,11,0,0.0,13.909090909090908,0,11,False,False,True,1,False
910226,166837,B,8,2,0.25,16.5,0,8,True,False,True,2,True
910516,167031,C,32,0,0.0,21.90625,0,32,False,True,True,2,True
910520,167031,C,0,0,,,198,198,False,False,False,0,False
910524,167031,C,0,0,,,85,85,False,False,False,0,False
910530,167031,C,0,0,,,1061,1061,False,False,False,0,False
910532,167031,C,0,0,,,151,151,False,False,False,0,False
910540,167286,C,154,1,0.006493506493506494,20.844155844155843,0,154,True,False,True,2,True
910594,166940,C,0,0,,,28,28,False,False,False,0,False
910902,166520,C,0,0,,,15,15,False,False,False,0,False
910926,166520,C,0,0,,,25,25,False,False,False,0,False
910958,166541,A,13,0,0.0,54.53846153846154,0,13,False,True,True,2,True
911102,167059,C,27,3,0.1111111111111111,30.444444444444443,0,27,True,True,True,3,True
911104,167059,C,1,0,0.0,13.0,0,1,False,False,True,1,False
911136,167059,C,211,1,0.004739336492890996,20.04739336492891,0,211,True,False,True,2,True
911138,167059,C,289,3,0.010380622837370242,19.688581314878892,0,289,True,False,True,2,True
911140,167059,C,70,2,0.02857142857142857,26.285714285714285,0,70,True,True,True,3,True
911142,167059,C,20,2,0.1,46.15,0,20,True,True,True,3,True
911152,167059,C,2,0,0.0,21.5,0,2,False,False,True,1,False
911214,167242,C,2,0,0.0,18.0,0,2,False,False,True,1,False
911310,167199,C,401,3,0.007481296758104738,13.72568578553616,95,496,True,False,False,1,False
912010,167402,B,144,2,0.013888888888888888,18.03472222222222,0,144,True,False,True,2,True
912252,167338,B,39,0,0.0,15.487179487179487,224,263,False,False,False,0,False
912296,167185,A,173,3,0.017341040462427744,11.566473988439306,483,656,True,False,False,1,False
912684,167272,C,27,1,0.037037037037037035,35.48148148148148,0,27,True,True,True,3,True
912722,167359,B,153,0,0.0,6.104575163398692,385,538,False,False,False,0,False
913474,166843,A,2,0,0.0,37.0,8,10,False,True,True,2,True
913780,167474,C,5,0,0.0,17.8,0,5,False,False,True,1,False
913788,167235,C,793,2,0.0025220680958385876,15.98108448928121,963,1756,True,False,False,1,False
913868,166843,A,19,0,0.0,2.526315789473684,18,37,False,False,False,0,False
913886,166837,B,2,1,0.5,13.5,0,2,True,False,True,2,True
913938,167071,B,4766,14,0.0029374737725556023,8.513848090642048,408,5174,True,False,False,1,False
913942,167071,B,2467,52,0.02107823267126064,11.987434130522903,440,2907,True,False,False,1,False
913984,167250,B,1,0,0.0,17.0,6,7,False,False,True,1,False
914036,166997,C,0,0,,,18,18,False,False,False,0,False
914050,167487,B,12,0,0.0,8.5,387,399,False,False,False,0,False
914052,167487,B,0,0,,,1368,1368,False,False,False,0,False
914168,167451,B,1,0,0.0,11.0,10,11,False,False,True,1,False
914170,167451,B,12,0,0.0,11.916666666666666,4,16,False,False,True,1,False
914172,167451,B,6,0,0.0,11.5,0,6,False,False,True,1,False
914238,167188,C,0,0,,,335,335,False,False,False,0,False
914240,167487,B,0,0,,,46,46,False,False,False,0,False
914256,167436,B,24,0,0.0,15.333333333333334,1,25,False,False,True,1,False
914266,167436,B,0,0,,,5,5,False,False,True,1,False
914272,167436,B,0,0,,,1,1,False,False,True,1,False
914338,167188,C,0,0,,,48,48,False,False,False,0,False
914348,167188,C,0,0,,,6,6,False,False,True,1,False
914426,167497,A,3,0,0.0,23.0,4,7,False,True,True,2,True
914440,167412,C,30,1,0.03333333333333333,19.1,1,31,True,False,True,2,True
914626,166971,B,0,0,,,1,1,False,False,True,1,False
914630,166971,B,19,0,0.0,12.526315789473685,136,155,False,False,False,0,False
914636,167475,B,3,0,0.0,9.333333333333334,15,18,False,False,False,0,False
914816,167475,B,0,0,,,7,7,False,False,True,1,False
914842,167475,B,6,0,0.0,18.833333333333332,0,6,False,False,True,1,False
914848,167497,A,2,0,0.0,18.5,15,17,False,False,False,0,False
914870,167497,A,5,0,0.0,16.8,4,9,False,False,True,1,False
915358,167359,B,0,0,,,253,253,False,False,False,0,False
915360,167359,B,0,0,,,271,271,False,False,False,0,False
915504,167530,B,0,0,,,33,33,False,False,False,0,False
915556,167479,B,185,3,0.016216216216216217,6.583783783783784,2110,2295,True,False,False,1,False
915558,167479,B,0,0,,,161,161,False,False,False,0,False
915614,166680,B,2,0,0.0,28.0,62,64,False,True,False,1,False
915958,167497,A,11,0,0.0,20.272727272727273,19,30,False,False,False,0,False
916424,167016,C,404,3,0.007425742574257425,10.297029702970297,141,545,True,False,False,1,False
916596,166680,B,0,0,,,30,30,False,False,False,0,False
916618,167545,C,52,0,0.0,20.423076923076923,105,157,False,False,False,0,False
917234,166680,B,5,0,0.0,13.8,1174,1179,False,False,False,0,False
917252,167497,A,6,0,0.0,41.5,12,18,False,True,False,1,False
917378,167497,A,2,0,0.0,12.5,14,16,False,False,False,0,False
917446,167497,A,0,0,,,15,15,False,False,False,0,False
917680,167185,A,2,0,0.0,100.0,43,45,False,True,False,1,False
917682,167185,A,0,0,,,7,7,False,False,True,1,False
917846,167532,C,3,0,0.0,8.333333333333334,32,35,False,False,False,0,False
917850,167532,C,166,1,0.006024096385542169,16.957831325301203,162,328,True,False,False,1,False
917852,167532,C,375,1,0.0026666666666666666,19.024,1017,1392,True,False,False,1,False
917856,167532,C,3,0,0.0,11.0,74,77,False,False,False,0,False
917858,167532,C,1,0,0.0,14.0,2,3,False,False,True,1,False
917876,167533,C,8,0,0.0,13.5,2,10,False,False,True,1,False
917890,166884,B,0,0,,,1,1,False,False,True,1,False
918390,167455,C,0,0,,,246,246,False,False,False,0,False
918436,167634,A,34,1,0.029411764705882353,18.58823529411765,728,762,True,False,False,1,False
918452,167359,B,0,0,,,313,313,False,False,False,0,False
918888,167621,B,8,1,0.125,9.375,3,11,True,False,True,2,True
918956,167497,A,2,0,0.0,34.5,17,19,False,True,False,1,False
918958,167497,A,1,0,0.0,37.0,8,9,False,True,True,2,True
918978,167654,B,744,4,0.005376344086021506,9.87231182795699,1239,1983,True,False,False,1,False
918986,167654,B,566,0,0.0,9.690812720848056,1397,1963,False,False,False,0,False
918988,167654,B,1,0,0.0,13.0,1,2,False,False,True,1,False
919126,167645,C,0,0,,,291,291,False,False,False,0,False
919128,167645,C,0,0,,,388,388,False,False,False,0,False
919162,167626,A,0,0,,,2757,2757,False,False,False,0,False
919164,167626,A,648,3,0.004629629629629629,6.208333333333333,10,658,True,False,True,2,True
919166,167626,A,993,6,0.006042296072507553,5.663645518630413,20,1013,True,False,False,1,False
919188,167626,A,0,0,,,831,831,False,False,False,0,False
919190,167626,A,2,0,0.0,11.0,83,85,False,False,False,0,False
919192,167626,A,0,0,,,2158,2158,False,False,False,0,False
919194,167626,A,0,0,,,1295,1295,False,False,False,0,False
919196,167626,A,0,0,,,2713,2713,False,False,False,0,False
919198,167626,A,0,0,,,1066,1066,False,False,False,0,False
919200,167626,A,0,0,,,1242,1242,False,False,False,0,False
919202,167626,A,0,0,,,2433,2433,False,False,False,0,False
919204,167626,A,1167,9,0.007712082262210797,8.025706940874036,9,1176,True,False,True,2,True
919206,167626,A,926,9,0.009719222462203024,7.962203023758099,1,927,True,False,True,2,True
919214,167551,B,18,0,0.0,28.38888888888889,1,19,False,True,True,2,True
919218,167551,B,21,1,0.047619047619047616,13.476190476190476,287,308,True,False,False,1,False
919302,167626,A,0,0,,,2312,2312,False,False,False,0,False
919306,167626,A,0,0,,,1504,1504,False,False,False,0,False
919310,167626,A,0,0,,,2077,2077,False,False,False,0,False
919314,167626,A,0,0,,,2416,2416,False,False,False,0,False
919318,167626,A,0,0,,,1813,1813,False,False,False,0,False
919362,167626,A,0,0,,,2326,2326,False,False,False,0,False
919364,167626,A,0,0,,,4820,4820,False,False,False,0,False
919370,167626,A,0,0,,,1324,1324,False,False,False,0,False
919372,167626,A,0,0,,,1563,1563,False,False,False,0,False
919374,167626,A,0,0,,,2021,2021,False,False,False,0,False
919376,167626,A,0,0,,,1284,1284,False,False,False,0,False
919378,167626,A,0,0,,,1114,1114,False,False,False,0,False
919382,167626,A,0,0,,,1629,1629,False,False,False,0,False
919390,167626,A,0,0,,,721,721,False,False,False,0,False
919418,166680,B,0,0,,,2,2,False,False,True,1,False
919456,167626,A,0,0,,,1147,1147,False,False,False,0,False
919464,167626,A,0,0,,,1289,1289,False,False,False,0,False
919476,167626,A,0,0,,,1871,1871,False,False,False,0,False
919482,167626,A,0,0,,,1392,1392,False,False,False,0,False
919490,167626,A,0,0,,,1668,1668,False,False,False,0,False
919504,167626,A,0,0,,,1971,1971,False,False,False,0,False
919536,167275,B,2,0,0.0,9.0,8,10,False,False,True,1,False
919552,167264,B,1089,1,0.0009182736455463728,34.045913682277316,63,1152,True,True,False,2,True
919554,167264,B,1182,11,0.009306260575296108,32.35194585448392,11,1193,True,True,True,3,True
919790,167521,B,1578,0,0.0,33.50760456273764,23,1601,False,True,False,1,False
919792,167521,B,750,1,0.0013333333333333333,30.189333333333334,68,818,True,True,False,2,True
919794,167521,B,1136,1,0.0008802816901408451,28.37676056338028,21,1157,True,True,False,2,True
919896,166837,B,5,1,0.2,14.0,0,5,True,False,True,2,True
919906,167626,A,0,0,,,1497,1497,False,False,False,0,False
919910,167626,A,0,0,,,327,327,False,False,False,0,False
919956,167506,C,12,0,0.0,10.75,0,12,False,False,True,1,False
919958,167506,C,2,0,0.0,17.5,0,2,False,False,True,1,False
919994,166782,C,20,0,0.0,41.7,0,20,False,True,True,2,True
920146,167359,B,0,0,,,84,84,False,False,False,0,False
920414,167626,A,0,0,,,1266,1266,False,False,False,0,False
920416,167626,A,0,0,,,1576,1576,False,False,False,0,False
920666,167630,C,178,1,0.0056179775280898875,9.146067415730338,264,442,True,False,False,1,False
920706,167445,B,68,6,0.08823529411764706,23.91176470588235,140,208,True,True,False,2,True
920720,167445,B,114,0,0.0,15.570175438596491,200,314,False,False,False,0,False
920726,167445,B,58,1,0.017241379310344827,14.586206896551724,52,110,True,False,False,1,False
920728,167445,B,201,4,0.01990049751243781,16.19402985074627,99,300,True,False,False,1,False
920732,167445,B,116,0,0.0,14.241379310344827,157,273,False,False,False,0,False
920838,167445,B,65,0,0.0,11.692307692307692,172,237,False,False,False,0,False
920852,167445,B,192,2,0.010416666666666666,10.848958333333334,277,469,True,False,False,1,False
920874,167664,C,33,0,0.0,27.666666666666668,0,33,False,True,True,2,True
920902,167445,B,48,1,0.020833333333333332,44.291666666666664,17,65,True,True,False,2,True
920928,167497,A,0,0,,,15,15,False,False,False,0,False
920930,167497,A,1,0,0.0,62.0,0,1,False,True,True,2,True
920982,167082,B,51,0,0.0,25.529411764705884,0,51,False,True,True,2,True
921062,167445,B,113,0,0.0,11.08849557522124,6,119,False,False,True,1,False
921102,167456,C,13,0,0.0,20.307692307692307,15,28,False,False,False,0,False
921104,167456,C,6,0,0.0,20.5,9,15,False,False,True,1,False
921116,167497,A,0,0,,,102,102,False,False,False,0,False
921306,167650,C,398,4,0.010050251256281407,21.14824120603015,542,940,True,False,False,1,False
921316,167359,B,0,0,,,80,80,False,False,False,0,False
921318,167650,C,2323,6,0.002582866982350409,14.57081360309944,2560,4883,True,False,False,1,False
921320,167650,C,79,1,0.012658227848101266,22.79746835443038,269,348,True,True,False,2,True
921574,167626,A,0,0,,,1506,1506,False,False,False,0,False
921584,167626,A,0,0,,,1266,1266,False,False,False,0,False
921592,167626,A,0,0,,,1602,1602,False,False,False,0,False
921594,167626,A,0,0,,,1078,1078,False,False,False,0,False
921596,167626,A,0,0,,,1270,1270,False,False,False,0,False
921814,167466,C,42,4,0.09523809523809523,6.738095238095238,43,85,True,False,False,1,False
921818,167466,C,1808,10,0.0055309734513274336,10.509402654867257,2106,3914,True,False,False,1,False
922114,167497,A,1,0,0.0,61.0,11,12,False,True,True,2,True
922142,167716,B,0,0,,,733,733,False,False,False,0,False
922154,167682,C,2,0,0.0,9.0,0,2,False,False,True,1,False
922356,167082,B,18,0,0.0,26.22222222222222,0,18,False,True,True,2,True
922428,167747,C,27,0,0.0,8.444444444444445,204,231,False,False,False,0,False
922474,167747,C,63,0,0.0,8.047619047619047,211,274,False,False,False,0,False
922476,167747,C,0,0,,,196,196,False,False,False,0,False
922486,167747,C,1,0,0.0,8.0,5,6,False,False,True,1,False
922698,167759,C,4,0,0.0,10.75,12,16,False,False,False,0,False
922710,167626,A,0,0,,,1590,1590,False,False,False,0,False
923250,166520,C,0,0,,,148,148,False,False,False,0,False
923254,166520,C,1,0,0.0,45.0,9,10,False,True,True,2,True
923526,167035,C,901,2,0.0022197558268590455,7.769145394006659,1832,2733,True,False,False,1,False
923528,167035,C,119,2,0.01680672268907563,24.176470588235293,638,757,True,True,False,2,True
923646,167188,C,1,0,0.0,19.0,0,1,False,False,True,1,False
923666,167626,A,0,0,,,1805,1805,False,False,False,0,False
923744,167506,C,1,0,0.0,5.0,0,1,False,False,True,1,False
923944,167781,C,41,0,0.0,11.75609756097561,0,41,False,False,True,1,False
924356,167359,B,0,0,,,262,262,False,False,False,0,False
924370,167359,B,0,0,,,14,14,False,False,False,0,False
924544,167644,C,104,0,0.0,6.596153846153846,13,117,False,False,False,0,False
924546,167644,C,44,1,0.022727272727272728,15.931818181818182,71,115,True,False,False,1,False
924572,167364,C,0,0,,,1,1,False,False,True,1,False
924614,167805,C,6,0,0.0,6.166666666666667,16,22,False,False,False,0,False
924662,166837,B,1,0,0.0,20.0,0,1,False,False,True,1,False
924928,167497,A,30,1,0.03333333333333333,32.6,49,79,True,True,False,2,True
924930,167497,A,21,1,0.047619047619047616,21.904761904761905,224,245,True,True,False,2,True
924932,167497,A,3,0,0.0,18.0,28,31,False,False,False,0,False
924934,167497,A,5,0,0.0,38.4,569,574,False,True,False,1,False
924936,167497,A,8,2,0.25,19.25,0,8,True,False,True,2,True
924940,167497,A,8,0,0.0,20.5,193,201,False,False,False,0,False
924946,167497,A,7,0,0.0,30.714285714285715,41,48,False,True,False,1,False
924948,167497,A,15,1,0.06666666666666667,18.133333333333333,238,253,True,False,False,1,False
924950,167497,A,25,0,0.0,23.6,287,312,False,True,False,1,False
924952,167497,A,22,0,0.0,21.227272727272727,90,112,False,False,False,0,False
924954,167497,A,19,1,0.05263157894736842,31.789473684210527,118,137,True,True,False,2,True
924956,167497,A,32,0,0.0,19.4375,62,94,False,False,False,0,False
924958,167497,A,29,0,0.0,12.89655172413793,215,244,False,False,False,0,False
924960,167497,A,54,1,0.018518518518518517,21.85185185185185,230,284,True,True,False,2,True
925104,167799,A,873,0,0.0,7.449026345933563,1183,2056,False,False,False,0,False
925106,166503,B,21,0,0.0,26.952380952380953,0,21,False,True,True,2,True
925134,167626,A,0,0,,,44,44,False,False,False,0,False
925808,166678,B,11,0,0.0,19.0,0,11,False,False,True,1,False
925826,166536,B,157,1,0.006369426751592357,6.942675159235669,510,667,True,False,False,1,False
925828,166536,B,160,0,0.0,6.25,429,589,False,False,False,0,False
925922,166582,A,418,10,0.023923444976076555,6.7272727272727275,19603,20021,True,False,False,1,False
926184,167715,C,36,0,0.0,10.75,31,67,False,False,False,0,False
926214,167715,C,3,0,0.0,9.0,0,3,False,False,True,1,False
926312,166843,A,10,0,0.0,13.5,130,140,False,False,False,0,False
926486,167727,C,14,0,0.0,8.428571428571429,2280,2294,False,False,False,0,False
926490,167172,B,11,1,0.09090909090909091,22.363636363636363,133,144,True,True,False,2,True
926872,167575,C,24,3,0.125,0.7916666666666666,7,31,True,False,True,2,True
927070,166879,A,32,0,0.0,44.21875,0,32,False,True,True,2,True
927142,167397,C,4,0,0.0,3.75,3,7,False,False,True,1,False
927908,167819,C,5,0,0.0,2.6,0,5,False,False,True,1,False
927910,167819,C,23,1,0.043478260869565216,2.5652173913043477,0,23,True,False,True,2,True
927912,167819,C,17,1,0.058823529411764705,2.7058823529411766,0,17,True,False,True,2,True
927916,167819,C,134,0,0.0,2.0522388059701493,426,560,False,False,False,0,False
928022,167744,C,4,0,0.0,15.5,0,4,False,False,True,1,False
928092,167150,C,5,0,0.0,47.2,0,5,False,True,True,2,True
928142,167847,B,7,0,0.0,13.714285714285714,0,7,False,False,True,1,False
928202,166428,B,25,0,0.0,14.84,0,25,False,False,True,1,False
928228,167626,A,0,0,,,47,47,False,False,False,0,False
928282,166916,A,0,0,,,2,2,False,False,True,1,False
928284,166916,A,0,0,,,2,2,False,False,True,1,False
928312,167816,C,18,0,0.0,14.5,1851,1869,False,False,False,0,False
928382,167543,B,9,1,0.1111111111111111,3.0,9,18,True,False,True,2,True
928404,167906,C,5,0,0.0,15.4,0,5,False,False,True,1,False
928518,167626,A,0,0,,,312,312,False,False,False,0,False
928886,167888,C,53,1,0.018867924528301886,8.566037735849056,681,734,True,False,False,1,False
928888,167888,C,314,1,0.0031847133757961785,8.038216560509554,553,867,True,False,False,1,False
928926,167923,C,1,0,0.0,5.0,15,16,False,False,False,0,False
929228,167172,B,1,0,0.0,24.0,87,88,False,True,False,1,False
929332,167534,C,36,0,0.0,14.88888888888889,0,36,False,False,True,1,False
929340,167534,C,8,0,0.0,43.625,0,8,False,True,True,2,True
929424,167827,C,1266,5,0.0039494470774091624,1.311216429699842,3963,5229,True,False,False,1,False
929426,167827,C,0,0,,,11189,11189,False,False,False,0,False
929428,167827,C,0,0,,,23754,23754,False,False,False,0,False
929542,167250,B,0,0,,,2,2,False,False,True,1,False
929544,167250,B,0,0,,,66,66,False,False,False,0,False
929622,167927,C,12,0,0.0,13.5,4,16,False,False,True,1,False
929626,167927,C,35,0,0.0,12.514285714285714,20,55,False,False,False,0,False
929876,167949,A,36,1,0.027777777777777776,13.666666666666666,78,114,True,False,False,1,False
929884,167949,A,31,0,0.0,15.806451612903226,25,56,False,False,False,0,False
930020,167888,C,85,5,0.058823529411764705,8.270588235294118,555,640,True,False,False,1,False
930186,167955,B,5,0,0.0,5.4,53,58,False,False,False,0,False
930242,166837,B,4,1,0.25,17.25,0,4,True,False,True,2,True
930264,167575,C,4,0,0.0,9.75,0,4,False,False,True,1,False
930326,167948,C,10,0,0.0,11.7,1,11,False,False,True,1,False
930510,166520,C,2,0,0.0,22.0,2,4,False,True,True,2,True
930524,166520,C,0,0,,,28,28,False,False,False,0,False
930582,167947,B,1,0,0.0,16.0,0,1,False,False,True,1,False
930586,167947,B,0,0,,,224,224,False,False,False,0,False
930590,167947,B,0,0,,,62,62,False,False,False,0,False
930594,167947,B,2,0,0.0,10.5,53,55,False,False,False,0,False
930660,167475,B,4,0,0.0,6.5,19,23,False,False,False,0,False
930662,167475,B,0,0,,,23,23,False,False,False,0,False
930690,167852,C,2,0,0.0,6.5,4,6,False,False,True,1,False
930692,167852,C,0,0,,,6,6,False,False,True,1,False
930814,167930,B,11,0,0.0,15.909090909090908,3,14,False,False,True,1,False
930816,167930,B,4,0,0.0,12.75,1,5,False,False,True,1,False
930818,167930,B,3,0,0.0,13.666666666666666,0,3,False,False,True,1,False
930820,167930,B,5,0,0.0,14.2,1,6,False,False,True,1,False
930908,167060,B,34,0,0.0,5.705882352941177,40,74,False,False,False,0,False
930910,167060,B,1,0,0.0,5.0,12,13,False,False,False,0,False
930912,167060,B,0,0,,,215,215,False,False,False,0,False
930914,167060,B,0,0,,,314,314,False,False,False,0,False
931458,167650,C,2078,12,0.005774783445620789,17.065447545717035,2363,4441,True,False,False,1,False
931914,167936,C,31,0,0.0,16.451612903225808,0,31,False,False,True,1,False
932050,166680,B,0,0,,,145,145,False,False,False,0,False
932088,166680,B,0,0,,,12,12,False,False,False,0,False
932246,167183,B,0,0,,,1,1,False,False,True,1,False
932292,167183,B,6,0,0.0,14.666666666666666,97,103,False,False,False,0,False
932304,167183,B,2,0,0.0,20.0,44,46,False,False,False,0,False
932460,166660,B,25,1,0.04,16.72,0,25,True,False,True,2,True
932498,166680,B,1,0,0.0,11.0,274,275,False,False,False,0,False
932500,166680,B,8,0,0.0,18.0,1167,1175,False,False,False,0,False
932502,166680,B,4,0,0.0,15.75,755,759,False,False,False,0,False
932672,168010,C,7,0,0.0,1.4285714285714286,0,7,False,False,True,1,False
932676,168010,C,0,0,,,4,4,False,False,True,1,False
932750,167969,B,12,0,0.0,9.583333333333334,17,29,False,False,False,0,False
932754,167969,B,2,0,0.0,5.5,3,5,False,False,True,1,False
932798,167852,C,98,1,0.01020408163265306,9.806122448979592,10,108,True,False,True,2,True
932836,167497,A,21,0,0.0,12.857142857142858,305,326,False,False,False,0,False
932856,167497,A,0,0,,,4,4,False,False,True,1,False
933070,168025,B,67,1,0.014925373134328358,6.507462686567164,782,849,True,False,False,1,False
933244,168000,B,2,0,0.0,9.0,84,86,False,False,False,0,False
933452,167112,C,0,0,,,4,4,False,False,True,1,False
933804,167999,B,25,0,0.0,13.84,0,25,False,False,True,1,False
933806,167999,B,0,0,,,336,336,False,False,False,0,False
933810,167999,B,0,0,,,107,107,False,False,False,0,False
933832,167792,C,23,0,0.0,25.652173913043477,0,23,False,True,True,2,True
933986,167994,C,14,1,0.07142857142857142,13.142857142857142,10,24,True,False,True,2,True
933996,167994,C,4,0,0.0,25.5,11,15,False,True,True,2,True
934000,167994,C,8,0,0.0,15.25,2,10,False,False,True,1,False
934074,166482,C,37,1,0.02702702702702703,14.432432432432432,0,37,True,False,True,2,True
934076,166482,C,11,1,0.09090909090909091,28.272727272727273,0,11,True,True,True,3,True
934098,168004,C,6,2,0.3333333333333333,26.5,0,6,True,True,True,3,True
934170,168042,C,8,0,0.0,10.25,0,8,False,False,True,1,False
934188,167995,B,6,0,0.0,17.333333333333332,2,8,False,False,True,1,False
934424,167976,C,6,0,0.0,27.333333333333332,0,6,False,True,True,2,True
934426,167626,A,0,0,,,222,222,False,False,False,0,False
934428,167976,C,36,0,0.0,23.61111111111111,0,36,False,True,True,2,True
934430,167976,C,28,1,0.03571428571428571,27.642857142857142,0,28,True,True,True,3,True
934432,167976,C,8,0,0.0,35.875,0,8,False,True,True,2,True
934476,168064,C,1,0,0.0,13.0,10,11,False,False,True,1,False
934534,168041,B,127,2,0.015748031496062992,18.503937007874015,0,127,True,False,True,2,True
934608,166678,B,9,0,0.0,13.333333333333334,0,9,False,False,True,1,False
935216,168019,C,2,0,0.0,5.0,33,35,False,False,False,0,False
935244,168097,B,2,0,0.0,19.0,27,29,False,False,False,0,False
935246,168097,B,0,0,,,4,4,False,False,True,1,False
935264,168097,B,4,0,0.0,7.0,55,59,False,False,False,0,False
935268,168097,B,5,0,0.0,9.6,0,5,False,False,True,1,False
935348,167078,B,147,1,0.006802721088435374,7.727891156462585,169,316,True,False,False,1,False
935394,167989,B,1,0,0.0,7.0,0,1,False,False,True,1,False
935548,168101,C,19,0,0.0,10.894736842105264,3,22,False,False,True,1,False
935870,168016,C,8,0,0.0,12.875,0,8,False,False,True,1,False
935956,167445,B,2,0,0.0,52.5,1,3,False,True,True,2,True
935958,167715,C,35,1,0.02857142857142857,22.257142857142856,0,35,True,True,True,3,True
936110,167870,C,156,0,0.0,15.692307692307692,0,156,False,False,True,1,False
936296,167989,B,0,0,,,4,4,False,False,True,1,False
936324,167989,B,28,0,0.0,14.0,95,123,False,False,False,0,False
936382,167580,B,1,0,0.0,39.0,390,391,False,True,False,1,False
936514,168041,B,81,1,0.012345679012345678,18.88888888888889,0,81,True,False,True,2,True
936984,168105,B,70,0,0.0,13.82857142857143,0,70,False,False,True,1,False
937156,167580,B,0,0,,,65,65,False,False,False,0,False
937352,167580,B,0,0,,,31,31,False,False,False,0,False
937362,167580,B,5,0,0.0,50.6,5,10,False,True,True,2,True
937366,167580,B,3,0,0.0,53.666666666666664,2,5,False,True,True,2,True
937368,167580,B,22,4,0.18181818181818182,24.136363636363637,10,32,True,True,True,3,True
937370,167580,B,1,0,0.0,7.0,5,6,False,False,True,1,False
937372,167580,B,0,0,,,1171,1171,False,False,False,0,False
937374,167580,B,25,0,0.0,35.8,0,25,False,True,True,2,True
937422,168073,C,0,0,,,36,36,False,False,False,0,False
937428,168073,C,0,0,,,8,8,False,False,True,1,False
937430,168073,C,0,0,,,33,33,False,False,False,0,False
937432,168073,C,3,1,0.3333333333333333,12.0,19,22,True,False,False,1,False
937604,168047,B,7,0,0.0,11.428571428571429,52,59,False,False,False,0,False
937650,168128,A,0,0,,,91,91,False,False,False,0,False
937678,168187,A,16,0,0.0,11.875,159,175,False,False,False,0,False
937708,168187,A,190,0,0.0,13.16842105263158,648,838,False,False,False,0,False
937710,168187,A,0,0,,,1,1,False,False,True,1,False
937716,168187,A,0,0,,,1,1,False,False,True,1,False
937720,168187,A,0,0,,,1,1,False,False,True,1,False
937732,168187,A,116,2,0.017241379310344827,17.637931034482758,191,307,True,False,False,1,False
937736,168187,A,284,2,0.007042253521126761,13.112676056338028,1153,1437,True,False,False,1,False
937742,168187,A,16,0,0.0,16.25,3,19,False,False,True,1,False
937750,168187,A,57,1,0.017543859649122806,13.017543859649123,46,103,True,False,False,1,False
937752,168187,A,412,0,0.0,10.91747572815534,1616,2028,False,False,False,0,False
937760,168187,A,292,1,0.003424657534246575,11.681506849315069,727,1019,True,False,False,1,False
937762,168187,A,96,1,0.010416666666666666,13.333333333333334,196,292,True,False,False,1,False
937770,168187,A,0,0,,,1,1,False,False,True,1,False
937772,168187,A,0,0,,,1,1,False,False,True,1,False
937774,168187,A,140,0,0.0,6.85,138,278,False,False,False,0,False
937778,168187,A,0,0,,,1,1,False,False,True,1,False
937780,168187,A,160,2,0.0125,11.04375,783,943,True,False,False,1,False
937782,168187,A,25,0,0.0,13.36,26,51,False,False,False,0,False
937786,168187,A,3,0,0.0,9.0,12,15,False,False,False,0,False
937788,168187,A,125,0,0.0,11.256,472,597,False,False,False,0,False
937808,168187,A,127,1,0.007874015748031496,10.795275590551181,811,938,True,False,False,1,False
937810,168187,A,80,0,0.0,8.9375,274,354,False,False,False,0,False
937812,168187,A,166,1,0.006024096385542169,13.602409638554217,187,353,True,False,False,1,False
937854,168187,A,164,0,0.0,9.182926829268293,553,717,False,False,False,0,False
937856,168187,A,11,0,0.0,10.909090909090908,28,39,False,False,False,0,False
937860,168187,A,224,5,0.022321428571428572,8.678571428571429,1424,1648,True,False,False,1,False
937862,168187,A,122,0,0.0,11.631147540983607,353,475,False,False,False,0,False
937864,168187,A,48,1,0.020833333333333332,10.3125,49,97,True,False,False,1,False
937868,168187,A,63,1,0.015873015873015872,11.0,250,313,True,False,False,1,False
937870,168187,A,0,0,,,13,13,False,False,False,0,False
937872,168187,A,0,0,,,1,1,False,False,True,1,False
937874,168187,A,19,1,0.05263157894736842,9.052631578947368,131,150,True,False,False,1,False
937880,168187,A,7,0,0.0,9.285714285714286,0,7,False,False,True,1,False
937888,168187,A,193,0,0.0,8.2279792746114,972,1165,False,False,False,0,False
937898,168187,A,9,2,0.2222222222222222,7.555555555555555,32,41,True,False,False,1,False
937900,168187,A,0,0,,,4,4,False,False,True,1,False
937902,168187,A,247,1,0.004048582995951417,11.82591093117409,899,1146,True,False,False,1,False
937956,168187,A,773,24,0.031047865459249677,1.3311772315653299,1,774,True,False,True,2,True
937958,168187,A,292,8,0.0273972602739726,7.0479452054794525,0,292,True,False,True,2,True
937960,168187,A,204,2,0.00980392156862745,11.049019607843137,0,204,True,False,True,2,True
937962,168187,A,106,3,0.02830188679245283,17.28301886792453,0,106,True,False,True,2,True
937966,168187,A,243,2,0.00823045267489712,8.419753086419753,819,1062,True,False,False,1,False
937980,168187,A,82,0,0.0,10.439024390243903,145,227,False,False,False,0,False
937984,168187,A,24,0,0.0,9.5,39,63,False,False,False,0,False
937988,168187,A,72,0,0.0,10.694444444444445,274,346,False,False,False,0,False
938022,168025,B,14,0,0.0,10.785714285714286,265,279,False,False,False,0,False
938070,168025,B,0,0,,,671,671,False,False,False,0,False
938072,168025,B,0,0,,,472,472,False,False,False,0,False
938074,168025,B,0,0,,,611,611,False,False,False,0,False
938078,168025,B,0,0,,,750,750,False,False,False,0,False
938080,168025,B,0,0,,,660,660,False,False,False,0,False
938414,168155,C,93,2,0.021505376344086023,23.086021505376344,46,139,True,True,False,2,True
938432,168110,C,9,0,0.0,20.444444444444443,0,9,False,False,True,1,False
938612,167828,A,64,0,0.0,5.34375,125,189,False,False,False,0,False
938614,167828,A,33,1,0.030303030303030304,6.212121212121212,29,62,True,False,False,1,False
938842,167175,B,0,0,,,90,90,False,False,False,0,False
938896,167756,C,1058,5,0.004725897920604915,7.733459357277883,2272,3330,True,False,False,1,False
939212,168185,C,8,0,0.0,18.625,9,17,False,False,True,1,False
939218,168021,B,11,0,0.0,7.909090909090909,359,370,False,False,False,0,False
939222,168021,B,34,0,0.0,12.117647058823529,873,907,False,False,False,0,False
939224,168021,B,32,1,0.03125,16.09375,1341,1373,True,False,False,1,False
939236,166520,C,0,0,,,5,5,False,False,True,1,False
939370,168154,B,482,4,0.008298755186721992,18.948132780082986,491,973,True,False,False,1,False
939376,168154,B,261,1,0.0038314176245210726,14.203065134099617,1075,1336,True,False,False,1,False
939470,166405,B,19,0,0.0,13.526315789473685,729,748,False,False,False,0,False
939474,166405,B,187,0,0.0,14.529411764705882,561,748,False,False,False,0,False
939476,166405,B,40,1,0.025,9.275,716,756,True,False,False,1,False
939478,166405,B,19,1,0.05263157894736842,28.263157894736842,105,124,True,True,False,2,True
939684,168228,C,17,0,0.0,12.941176470588236,131,148,False,False,False,0,False
939698,167906,C,2,0,0.0,13.0,1,3,False,False,True,1,False
939706,167653,C,519,4,0.007707129094412331,9.210019267822736,1023,1542,True,False,False,1,False
939708,167653,C,10,1,0.1,12.4,36,46,True,False,False,1,False
939716,168252,A,8,0,0.0,5.0,16,24,False,False,False,0,False
939718,168252,A,0,0,,,10,10,False,False,True,1,False
939736,168228,C,0,0,,,19,19,False,False,False,0,False
939738,168228,C,0,0,,,634,634,False,False,False,0,False
939762,168064,C,808,0,0.0,16.986386138613863,1878,2686,False,False,False,0,False
939886,167436,B,0,0,,,281,281,False,False,False,0,False
940430,167828,A,64,1,0.015625,0.953125,27,91,True,False,False,1,False
940432,167828,A,139,0,0.0,7.39568345323741,166,305,False,False,False,0,False
940434,167828,A,126,0,0.0,4.944444444444445,133,259,False,False,False,0,False
940436,167828,A,30,0,0.0,10.833333333333334,6,36,False,False,True,1,False
940438,167828,A,62,0,0.0,5.451612903225806,374,436,False,False,False,0,False
940440,167828,A,46,0,0.0,11.282608695652174,14,60,False,False,False,0,False
940442,167828,A,196,3,0.015306122448979591,0.6836734693877551,297,493,True,False,False,1,False
940456,168121,A,26,0,0.0,8.23076923076923,32,58,False,False,False,0,False
940458,168121,A,23,0,0.0,31.17391304347826,66,89,False,True,False,1,False
940460,168121,A,0,0,,,82,82,False,False,False,0,False
940474,168121,A,0,0,,,26,26,False,False,False,0,False
940486,168121,A,0,0,,,23,23,False,False,False,0,False
940508,168121,A,2,0,0.0,41.5,0,2,False,True,True,2,True
940512,168121,A,1,0,0.0,19.0,0,1,False,False,True,1,False
940514,168121,A,1,0,0.0,11.0,0,1,False,False,True,1,False
940568,168252,A,3,0,0.0,6.0,7,10,False,False,True,1,False
940588,168252,A,2127,30,0.014104372355430184,3.1104842501175365,67,2194,True,False,False,1,False
940596,168252,A,1,0,0.0,4.0,406,407,False,False,False,0,False
940610,168252,A,1,0,0.0,4.0,1,2,False,False,True,1,False
940614,168252,A,145,3,0.020689655172413793,3.2482758620689656,426,571,True,False,False,1,False
940616,168252,A,578,6,0.010380622837370242,5.532871972318339,2393,2971,True,False,False,1,False
940622,168252,A,677,16,0.023633677991137372,4.518463810930576,718,1395,True,False,False,1,False
940624,168252,A,572,6,0.01048951048951049,5.6678321678321675,1166,1738,True,False,False,1,False
940630,168252,A,1985,17,0.008564231738035265,4.096725440806045,127,2112,True,False,False,1,False
940634,168252,A,432,6,0.013888888888888888,7.74537037037037,1623,2055,True,False,False,1,False
940652,168252,A,414,9,0.021739130434782608,4.147342995169082,860,1274,True,False,False,1,False
940658,168252,A,862,10,0.01160092807424594,4.8503480278422275,1726,2588,True,False,False,1,False
940772,168252,A,2,0,0.0,4.5,0,2,False,False,True,1,False
940782,168252,A,0,0,,,8,8,False,False,True,1,False
940788,168252,A,0,0,,,11,11,False,False,True,1,False
940802,168252,A,0,0,,,5,5,False,False,True,1,False
940814,168252,A,0,0,,,2,2,False,False,True,1,False
940828,168252,A,1,0,0.0,2.0,7,8,False,False,True,1,False
940842,168252,A,0,0,,,2,2,False,False,True,1,False
940848,168252,A,0,0,,,2,2,False,False,True,1,False
940952,168275,C,141,0,0.0,12.865248226950355,110,251,False,False,False,0,False
940968,167487,B,18,0,0.0,17.38888888888889,0,18,False,False,True,1,False
941192,167955,B,0,0,,,1139,1139,False,False,False,0,False
941384,167949,A,48,0,0.0,11.5625,655,703,False,False,False,0,False
941390,168093,C,1,0,0.0,5.0,369,370,False,False,False,0,False
941628,166680,B,1,0,0.0,19.0,147,148,False,False,False,0,False
941736,168073,C,0,0,,,10,10,False,False,True,1,False
941740,168073,C,0,0,,,8,8,False,False,True,1,False
941786,167998,C,3,0,0.0,13.0,0,3,False,False,True,1,False
941810,168073,C,0,0,,,4,4,False,False,True,1,False
941816,168073,C,0,0,,,1,1,False,False,True,1,False
941826,168073,C,0,0,,,1,1,False,False,True,1,False
941838,167995,B,0,0,,,9,9,False,False,True,1,False
941842,167995,B,0,0,,,3,3,False,False,True,1,False
941844,167995,B,7,1,0.14285714285714285,16.714285714285715,11,18,True,False,True,2,True
942174,167112,C,0,0,,,6,6,False,False,True,1,False
942214,166678,B,2,0,0.0,10.5,0,2,False,False,True,1,False
943050,166680,B,0,0,,,73,73,False,False,False,0,False
943066,167445,B,89,0,0.0,13.269662921348315,171,260,False,False,False,0,False
943818,167172,B,1,0,0.0,5.0,22,23,False,False,False,0,False
944210,167521,B,114,0,0.0,36.62280701754386,46,160,False,True,False,1,False
944216,167977,B,235,24,0.10212765957446808,35.60851063829787,133,368,True,True,False,2,True
944218,167977,B,245,15,0.061224489795918366,36.71836734693878,164,409,True,True,False,2,True
944220,167977,B,265,18,0.06792452830188679,36.06792452830189,221,486,True,True,False,2,True
944222,167977,B,185,17,0.0918918918918919,33.87567567567567,344,529,True,True,False,2,True
944226,167977,B,180,30,0.16666666666666666,42.66111111111111,109,289,True,True,False,2,True
944228,167521,B,29,0,0.0,48.724137931034484,5,34,False,True,True,2,True
944246,167521,B,9,0,0.0,37.0,1,10,False,True,True,2,True
944310,168252,A,3,0,0.0,5.0,0,3,False,False,True,1,False
944474,168221,C,6,0,0.0,25.0,12,18,False,True,False,1,False
944476,168221,C,189,0,0.0,13.46031746031746,16,205,False,False,False,0,False
944560,167521,B,5,0,0.0,17.8,1,6,False,False,True,1,False
944564,168202,C,2,0,0.0,14.0,0,2,False,False,True,1,False
944644,167471,C,26,0,0.0,24.423076923076923,145,171,False,True,False,1,False
944646,167471,C,219,1,0.0045662100456621,9.383561643835616,333,552,True,False,False,1,False
944648,167471,C,5,0,0.0,39.6,41,46,False,True,False,1,False
944764,168271,C,355,2,0.005633802816901409,6.966197183098592,256,611,True,False,False,1,False
944766,168271,C,152,1,0.006578947368421052,9.039473684210526,140,292,True,False,False,1,False
944808,167521,B,229,0,0.0,2.2925764192139737,0,229,False,False,True,1,False
944908,167998,C,2,0,0.0,13.5,0,2,False,False,True,1,False
945046,168307,B,60,4,0.06666666666666667,17.75,29,89,True,False,False,1,False
945052,168307,B,59,2,0.03389830508474576,12.64406779661017,16,75,True,False,False,1,False
945058,168307,B,4,0,0.0,18.75,1,5,False,False,True,1,False
945074,168361,A,0,0,,,3,3,False,False,True,1,False
945274,168361,A,0,0,,,1,1,False,False,True,1,False
945278,168361,A,0,0,,,4001,4001,False,False,False,0,False
945280,168361,A,0,0,,,2399,2399,False,False,False,0,False
945282,168361,A,0,0,,,2309,2309,False,False,False,0,False
945284,168361,A,0,0,,,2071,2071,False,False,False,0,False
945286,168361,A,0,0,,,6880,6880,False,False,False,0,False
945288,168361,A,0,0,,,2209,2209,False,False,False,0,False
945290,168361,A,0,0,,,3373,3373,False,False,False,0,False
945294,168361,A,0,0,,,3368,3368,False,False,False,0,False
945296,168361,A,0,0,,,2434,2434,False,False,False,0,False
945298,168361,A,0,0,,,1313,1313,False,False,False,0,False
945302,168361,A,0,0,,,6138,6138,False,False,False,0,False
945304,168361,A,0,0,,,2576,2576,False,False,False,0,False
945308,168361,A,0,0,,,1584,1584,False,False,False,0,False
945310,168361,A,0,0,,,3311,3311,False,False,False,0,False
945312,168361,A,0,0,,,2146,2146,False,False,False,0,False
945314,168361,A,0,0,,,1763,1763,False,False,False,0,False
945316,168361,A,0,0,,,2575,2575,False,False,False,0,False
945318,168361,A,0,0,,,1839,1839,False,False,False,0,False
945320,168361,A,0,0,,,2177,2177,False,False,False,0,False
945322,168361,A,0,0,,,4775,4775,False,False,False,0,False
945324,168361,A,0,0,,,2226,2226,False,False,False,0,False
945710,166837,B,1,0,0.0,17.0,0,1,False,False,True,1,False
945728,167580,B,0,0,,,87,87,False,False,False,0,False
945894,168018,B,0,0,,,1464,1464,False,False,False,0,False
945898,168018,B,0,0,,,3,3,False,False,True,1,False
945900,168018,B,0,0,,,4210,4210,False,False,False,0,False
945902,168018,B,0,0,,,2835,2835,False,False,False,0,False
945904,168018,B,0,0,,,3813,3813,False,False,False,0,False
946020,167275,B,1,0,0.0,3.0,0,1,False,False,True,1,False
946032,167275,B,1,0,0.0,8.0,0,1,False,False,True,1,False
946072,168187,A,1,0,0.0,6.0,1,2,False,False,True,1,False
946454,168291,B,0,0,,,13,13,False,False,False,0,False
946468,166548,B,1,0,0.0,25.0,0,1,False,True,True,2,True
946582,167969,B,44,0,0.0,1.8181818181818181,27,71,False,False,False,0,False
946916,167521,B,32,0,0.0,14.4375,0,32,False,False,True,1,False
946988,168008,C,3,0,0.0,10.0,5,8,False,False,True,1,False
947304,168336,C,35,3,0.08571428571428572,5.942857142857143,645,680,True,False,False,1,False
947306,168336,C,1,0,0.0,10.0,0,1,False,False,True,1,False
947480,166520,C,0,0,,,5,5,False,False,True,1,False
947590,168062,A,0,0,,,166,166,False,False,False,0,False
947592,168062,A,0,0,,,803,803,False,False,False,0,False
947596,168062,A,0,0,,,1,1,False,False,True,1,False
947598,168062,A,0,0,,,412,412,False,False,False,0,False
947600,168062,A,0,0,,,303,303,False,False,False,0,False
947604,168062,A,1,0,0.0,14.0,912,913,False,False,False,0,False
947610,168062,A,2,0,0.0,9.5,19,21,False,False,False,0,False
947612,168062,A,1,0,0.0,18.0,107,108,False,False,False,0,False
947614,168062,A,0,0,,,995,995,False,False,False,0,False
947616,168062,A,0,0,,,1967,1967,False,False,False,0,False
947618,168062,A,0,0,,,1076,1076,False,False,False,0,False
947620,168062,A,0,0,,,1158,1158,False,False,False,0,False
947636,168062,A,0,0,,,102,102,False,False,False,0,False
947638,168062,A,2,0,0.0,13.5,1165,1167,False,False,False,0,False
947640,168062,A,0,0,,,418,418,False,False,False,0,False
947642,168062,A,1,0,0.0,14.0,901,902,False,False,False,0,False
947644,168062,A,0,0,,,446,446,False,False,False,0,False
947646,168062,A,0,0,,,1893,1893,False,False,False,0,False
947648,168062,A,0,0,,,2813,2813,False,False,False,0,False
947650,168062,A,0,0,,,1603,1603,False,False,False,0,False
947652,168062,A,0,0,,,515,515,False,False,False,0,False
947654,168062,A,0,0,,,2257,2257,False,False,False,0,False
947658,168062,A,0,0,,,2668,2668,False,False,False,0,False
947816,168193,A,11,0,0.0,20.0,29,40,False,False,False,0,False
947818,168193,A,12,0,0.0,11.416666666666666,33,45,False,False,False,0,False
947820,168193,A,0,0,,,9,9,False,False,True,1,False
948150,168193,A,24,0,0.0,10.583333333333334,9,33,False,False,True,1,False
948170,168193,A,2,0,0.0,15.0,3,5,False,False,True,1,False
948182,168416,C,111,0,0.0,12.72972972972973,452,563,False,False,False,0,False
948282,168187,A,1,0,0.0,1.0,0,1,False,False,True,1,False
948284,168187,A,4,0,0.0,26.75,0,4,False,True,True,2,True
948286,168187,A,319,15,0.047021943573667714,15.68652037617555,0,319,True,False,True,2,True
948288,168187,A,22,1,0.045454545454545456,13.454545454545455,0,22,True,False,True,2,True
948524,168008,C,4,0,0.0,5.5,0,4,False,False,True,1,False
948756,168336,C,1,1,1.0,8.0,170,171,True,False,False,1,False
948758,168336,C,18,1,0.05555555555555555,25.5,518,536,True,True,False,2,True
949252,168303,C,3,0,0.0,13.333333333333334,0,3,False,False,True,1,False
949420,167238,C,5,0,0.0,0.8,1,6,False,False,True,1,False
950444,166680,B,0,0,,,86,86,False,False,False,0,False
950632,168464,C,1,0,0.0,13.0,0,1,False,False,True,1,False
950634,168464,C,9,0,0.0,12.222222222222221,0,9,False,False,True,1,False
950640,167139,C,1,0,0.0,9.0,0,1,False,False,True,1,False
950672,167497,A,1,0,0.0,13.0,53,54,False,False,False,0,False
950806,168048,A,6,0,0.0,11.166666666666666,3,9,False,False,True,1,False
950972,168252,A,4,0,0.0,29.25,816,820,False,True,False,1,False
951046,168193,A,3,0,0.0,14.0,34,37,False,False,False,0,False
951118,168105,B,4,0,0.0,32.5,0,4,False,True,True,2,True
951186,167958,C,92,0,0.0,8.608695652173912,8,100,False,False,True,1,False
951290,167451,B,1,0,0.0,17.0,20,21,False,False,False,0,False
951332,166939,C,8,0,0.0,32.0,5,13,False,True,True,2,True
951408,167923,C,0,0,,,30,30,False,False,False,0,False
951490,168264,C,27,1,0.037037037037037035,14.814814814814815,0,27,True,False,True,2,True
951492,168062,A,28,0,0.0,23.071428571428573,157,185,False,True,False,1,False
951506,168062,A,40,0,0.0,40.3,197,237,False,True,False,1,False
951508,168062,A,336,21,0.0625,18.946428571428573,146,482,True,False,False,1,False
951526,167742,C,15,0,0.0,14.6,0,15,False,False,True,1,False
951614,168522,C,5,0,0.0,14.0,0,5,False,False,True,1,False
951648,167112,C,0,0,,,161,161,False,False,False,0,False
951650,167112,C,1,0,0.0,45.0,10,11,False,True,True,2,True
952114,168466,C,1,0,0.0,3.0,612,613,False,False,False,0,False
952116,168466,C,0,0,,,354,354,False,False,False,0,False
952126,168583,B,7,0,0.0,14.428571428571429,0,7,False,False,True,1,False
952196,168500,B,2,0,0.0,12.0,2,4,False,False,True,1,False
952292,168221,C,2,0,0.0,40.5,0,2,False,True,True,2,True
952392,168062,A,0,0,,,1496,1496,False,False,False,0,False
952458,168412,C,0,0,,,1556,1556,False,False,False,0,False
952460,168412,C,0,0,,,177,177,False,False,False,0,False
952462,168412,C,8,0,0.0,21.125,1,9,False,False,True,1,False
952466,168412,C,0,0,,,88,88,False,False,False,0,False
952468,168412,C,0,0,,,1127,1127,False,False,False,0,False
952656,167471,C,4,0,0.0,7.5,38,42,False,False,False,0,False
952666,168366,C,1,0,0.0,15.0,0,1,False,False,True,1,False
952678,168366,C,1,0,0.0,30.0,0,1,False,True,True,2,True
952734,168315,B,409,0,0.0,1.1051344743276283,0,409,False,False,True,1,False
952914,168601,C,78,0,0.0,7.4743589743589745,580,658,False,False,False,0,False
952916,168601,C,1,0,0.0,25.0,7,8,False,True,True,2,True
952948,168253,A,3542,8,0.002258610954263128,1.5917560700169395,1178,4720,True,False,False,1,False
952954,168253,A,2,0,0.0,1.0,0,2,False,False,True,1,False
952968,167840,B,2,0,0.0,5.0,1,3,False,False,True,1,False
952982,168190,C,8,0,0.0,0.875,0,8,False,False,True,1,False
953362,168073,C,0,0,,,10,10,False,False,True,1,False
953458,168412,C,0,0,,,59,59,False,False,False,0,False
953460,168412,C,0,0,,,7,7,False,False,True,1,False
953462,168412,C,0,0,,,684,684,False,False,False,0,False
953464,168412,C,52,1,0.019230769230769232,9.346153846153847,317,369,True,False,False,1,False
953940,168575,C,1,0,0.0,9.0,0,1,False,False,True,1,False
953952,168575,C,7,0,0.0,13.0,0,7,False,False,True,1,False
954086,167599,C,31,0,0.0,2.064516129032258,1,32,False,False,True,1,False
954284,168073,C,0,0,,,1,1,False,False,True,1,False
954290,167412,C,10,0,0.0,19.7,0,10,False,False,True,1,False
954318,166813,B,1,0,0.0,4.0,1,2,False,False,True,1,False
954376,167989,B,0,0,,,4,4,False,False,True,1,False
954378,167989,B,0,0,,,8,8,False,False,True,1,False
954380,167989,B,0,0,,,4,4,False,False,True,1,False
954616,166813,B,7,0,0.0,6.571428571428571,0,7,False,False,True,1,False
954642,166680,B,0,0,,,385,385,False,False,False,0,False
954650,168271,C,462,3,0.006493506493506494,10.409090909090908,837,1299,True,False,False,1,False
954750,166939,C,223,1,0.004484304932735426,21.87443946188341,69,292,True,True,False,2,True
954810,168579,B,37,0,0.0,9.08108108108108,0,37,False,False,True,1,False
955032,167742,C,38,1,0.02631578947368421,8.631578947368421,34,72,True,False,False,1,False
955068,166939,C,0,0,,,2,2,False,False,True,1,False
955082,166939,C,0,0,,,14,14,False,False,False,0,False
955086,166939,C,0,0,,,1,1,False,False,True,1,False
955090,166939,C,0,0,,,26,26,False,False,False,0,False
955094,166939,C,0,0,,,2,2,False,False,True,1,False
955164,167742,C,2,0,0.0,26.0,3,5,False,True,True,2,True
955436,166658,B,1,0,0.0,23.0,0,1,False,True,True,2,True
955820,166813,B,0,0,,,9,9,False,False,True,1,False
956080,168252,A,5,0,0.0,50.4,0,5,False,True,True,2,True
956268,168473,C,6,0,0.0,15.666666666666666,22,28,False,False,False,0,False
956276,168481,B,8,0,0.0,6.625,9,17,False,False,True,1,False
956292,168481,B,3,0,0.0,11.666666666666666,2,5,False,False,True,1,False
956298,167580,B,0,0,,,14,14,False,False,False,0,False
956480,167078,B,86,0,0.0,14.372093023255815,0,86,False,False,True,1,False
956484,167078,B,13,0,0.0,21.0,0,13,False,False,True,1,False
956664,167521,B,1,0,0.0,9.0,0,1,False,False,True,1,False
957022,167188,C,0,0,,,18,18,False,False,False,0,False
957922,168606,C,3,1,0.3333333333333333,8.666666666666666,16,19,True,False,False,1,False
958394,168598,C,22,0,0.0,7.136363636363637,0,22,False,False,True,1,False
958416,168336,C,13,1,0.07692307692307693,18.307692307692307,295,308,True,False,False,1,False
958418,168336,C,9,0,0.0,9.444444444444445,457,466,False,False,False,0,False
958430,168091,B,22,0,0.0,18.59090909090909,284,306,False,False,False,0,False
958432,168091,B,15,0,0.0,25.133333333333333,147,162,False,True,False,1,False
958434,168091,B,23,1,0.043478260869565216,38.78260869565217,138,161,True,True,False,2,True
958440,168091,B,0,0,,,81,81,False,False,False,0,False
958444,168091,B,0,0,,,64,64,False,False,False,0,False
958452,168091,B,27,1,0.037037037037037035,12.851851851851851,423,450,True,False,False,1,False
958454,168091,B,2,0,0.0,15.0,24,26,False,False,False,0,False
958456,168091,B,10,0,0.0,26.4,842,852,False,True,False,1,False
958458,168091,B,0,0,,,1,1,False,False,True,1,False
958460,168091,B,103,3,0.02912621359223301,49.650485436893206,112,215,True,True,False,2,True
958468,168091,B,7,0,0.0,34.857142857142854,516,523,False,True,False,1,False
958470,168091,B,3,0,0.0,50.666666666666664,13,16,False,True,False,1,False
958472,168091,B,0,0,,,28,28,False,False,False,0,False
958478,168091,B,7,0,0.0,33.857142857142854,302,309,False,True,False,1,False
958480,168091,B,0,0,,,138,138,False,False,False,0,False
958640,168180,B,10,1,0.1,10.5,11,21,True,False,True,2,True
958672,168091,B,0,0,,,49,49,False,False,False,0,False
959118,168603,B,0,0,,,14,14,False,False,False,0,False
959312,166487,C,56,7,0.125,7.464285714285714,145,201,True,False,False,1,False
959596,168481,B,0,0,,,9,9,False,False,True,1,False
960294,166680,B,1,0,0.0,36.0,296,297,False,True,False,1,False
960296,166680,B,2,0,0.0,63.0,170,172,False,True,False,1,False
960620,168295,A,50,1,0.02,14.96,58,108,True,False,False,1,False
960648,168295,A,33,0,0.0,17.545454545454547,79,112,False,False,False,0,False
960666,167580,B,0,0,,,1,1,False,False,True,1,False
960670,167580,B,0,0,,,3,3,False,False,True,1,False
960672,167580,B,0,0,,,219,219,False,False,False,0,False
960674,167580,B,0,0,,,2,2,False,False,True,1,False
960698,168562,B,6,0,0.0,16.833333333333332,0,6,False,False,True,1,False
960950,166407,A,0,0,,,14,14,False,False,False,0,False
961064,168252,A,23,0,0.0,7.521739130434782,904,927,False,False,False,0,False
961552,167436,B,3,0,0.0,34.666666666666664,11,14,False,True,True,2,True
961770,167521,B,79,0,0.0,10.962025316455696,0,79,False,False,True,1,False
962062,168583,B,15,0,0.0,13.6,0,15,False,False,True,1,False
962168,167188,C,4,0,0.0,17.25,0,4,False,False,True,1,False
962268,167521,B,38,0,0.0,16.894736842105264,94,132,False,False,False,0,False
962658,167016,C,331,0,0.0,8.220543806646525,320,651,False,False,False,0,False
962902,167016,C,223,0,0.0,7.219730941704036,399,622,False,False,False,0,False
962904,167016,C,0,0,,,2,2,False,False,True,1,False
963716,167078,B,0,0,,,1,1,False,False,True,1,False
964510,167545,C,15,2,0.13333333333333333,10.0,131,146,True,False,False,1,False
964518,168090,C,2,0,0.0,21.0,0,2,False,False,True,1,False
964666,168252,A,43,3,0.06976744186046512,13.44186046511628,814,857,True,False,False,1,False
964712,167646,C,6,0,0.0,20.333333333333332,9,15,False,False,True,1,False
964716,167188,C,0,0,,,296,296,False,False,False,0,False
965232,168019,C,0,0,,,37,37,False,False,False,0,False
965328,166688,C,0,0,,,28,28,False,False,False,0,False
965538,168361,A,0,0,,,475,475,False,False,False,0,False
965540,168361,A,0,0,,,807,807,False,False,False,0,False
965542,168361,A,0,0,,,681,681,False,False,False,0,False
965544,168361,A,0,0,,,1277,1277,False,False,False,0,False
965942,167412,C,4,0,0.0,12.75,0,4,False,False,True,1,False
966158,168336,C,3,0,0.0,15.0,34,37,False,False,False,0,False
966686,168252,A,2,0,0.0,16.5,1,3,False,False,True,1,False
967204,168336,C,0,0,,,3,3,False,False,True,1,False
967310,167275,B,1,0,0.0,8.0,52,53,False,False,False,0,False
968150,168021,B,4,0,0.0,1.0,91,95,False,False,False,0,False
968232,167949,A,1,0,0.0,13.0,0,1,False,False,True,1,False
968338,168000,B,13,0,0.0,8.846153846153847,213,226,False,False,False,0,False
968368,168377,B,2,0,0.0,19.0,0,2,False,False,True,1,False
968520,168459,A,5,0,0.0,1.0,0,5,False,False,True,1,False
969262,168336,C,0,0,,,1,1,False,False,True,1,False
969268,168336,C,0,0,,,5,5,False,False,True,1,False
969272,167829,C,154,1,0.006493506493506494,12.123376623376624,228,382,True,False,False,1,False
969284,168336,C,0,0,,,1,1,False,False,True,1,False
969286,168336,C,0,0,,,8,8,False,False,True,1,False
969288,168155,C,3,0,0.0,29.333333333333332,2,5,False,True,True,2,True
969294,167958,C,84,0,0.0,8.452380952380953,12,96,False,False,False,0,False
969380,168336,C,1,0,0.0,21.0,7,8,False,False,True,1,False
969386,168336,C,0,0,,,54,54,False,False,False,0,False
969600,166520,C,0,0,,,19,19,False,False,False,0,False
970240,168225,B,1,0,0.0,44.0,1,2,False,True,True,2,True
970242,168225,B,0,0,,,10,10,False,False,True,1,False
970244,168225,B,2,0,0.0,40.5,2,4,False,True,True,2,True
970250,168225,B,0,0,,,1,1,False,False,True,1,False
970252,168225,B,1,0,0.0,25.0,5,6,False,True,True,2,True
970254,168225,B,3,0,0.0,40.333333333333336,9,12,False,True,True,2,True
970258,168225,B,0,0,,,1,1,False,False,True,1,False
970484,168105,B,0,0,,,7,7,False,False,True,1,False
970486,168105,B,0,0,,,6,6,False,False,True,1,False
971100,168054,C,3,0,0.0,8.666666666666666,0,3,False,False,True,1,False
971102,168054,C,76,0,0.0,17.789473684210527,0,76,False,False,True,1,False
971354,167908,B,6,0,0.0,14.0,0,6,False,False,True,1,False
972408,166680,B,0,0,,,6,6,False,False,True,1,False
972410,166680,B,0,0,,,77,77,False,False,False,0,False
972412,166680,B,1,0,0.0,25.0,60,61,False,True,False,1,False
972460,166940,C,1,0,0.0,4.0,50,51,False,False,False,0,False
973120,167923,C,0,0,,,3,3,False,False,True,1,False
973286,168579,B,2,0,0.0,44.0,0,2,False,True,True,2,True
